{
    "de-de": 1,
    "en-gb": 2,
    "es-mx": 3,
    "fr-ca": 4,
    "fr-fr": 5,
    "it-it": 6,
    "ko-kr": 7,
    "en-au": 8,
    "ja-jp": 9,
    "pt-br": 10,
    "es-es": 11,
    "en-us": 12,
    "zh-cn": 13,
    "en-ca": 14,
    "ru-ru": 15,
    "fi-fi": 16,
    "th-th": 17,
    "zh-hk": 18,
    "ca-es": 19,
    "da-dk": 20,
    "ar-eg": 21,
    "pt-pt": 22,
    "sv-se": 23,
    "nb-no": 24,
    "nl-nl": 25,
    "pl-pl": 26,
    "zh-tw": 27,
    "en-in": 28,
    "hi-in": 29,
    "ar-sa": 30,
    "id-id": 31,
    "tr-tr": 32,
    "vi-vn": 33,
    "bg-bg": 34,
    "cs-cz": 35,
    "de-at": 36,
    "de-ch": 37,
    "el-gr": 38,
    "en-ie": 39,
    "fr-ch": 40,
    "he-il": 41,
    "hr-hr": 42,
    "hu-hu": 43,
    "ms-my": 44,
    "ro-ro": 45,
    "sk-sk": 46,
    "sl-si": 47,
    "ta-in": 48,
    "te-in": 49,
    "fr-be": 50,
    "nl-be": 51,
    "uk-ua": 52,
    "ur-pk": 53,
    "et-ee": 54,
    "ga-ie": 55,
    "lt-lt": 56,
    "mt-mt": 57
}