{
    "NlNLFenna": "0",
    "DeDENicole": "1",
    "DeDEHeike": "2",
    "DeDEStefan": "3",
    "DeDEJana": "4",
    "DeDELionBridgeTalent03": "5",
    "DeDESpeechOceanF10": "6",
    "DeDEKatja": "7",
    "DeDEGlobalMeF2": "8",
    "DeDESpeechOceanF03": "9",
    "DeDEConrad": "10",
    "DeDESpeechOceanF05": "11",
    "DeDESpeechOceanM01": "12",
    "DeDESpeechOceanM02": "13",
    "DeDESpeechOceanM05": "14",
    "DeDEVodafone": "15",
    "EnGBGrace": "16",
    "EnGBHurry": "17",
    "EnGBGeorge": "18",
    "EnGBSDIFAYEDICKER": "19",
    "EnGBSpeechOceanF33": "20",
    "EnGBHazel": "21",
    "EnGBGlobalMeF2": "22",
    "EnGBMia": "23",
    "EnGBRyan": "24",
    "EnGBSarah": "25",
    "EsMXLaura": "26",
    "EsMXKarla": "27",
    "EsMXHaitianF47": "28",
    "EsMXHaitianF53": "29",
    "EsMXHaitianM04": "30",
    "EsMXGraciela": "31",
    "EsMXLuis": "32",
    "EsMXMila": "33",
    "EsMXRaul": "34",
    "EsMXSabina": "35",
    "EsMXSDIAnaliz": "36",
    "EsMXSDIIrwin": "37",
    "EsMXSDIJessica": "38",
    "EsMXSDIPeper": "39",
    "EsMXPaola": "40",
    "EsMXSpeechOceanF47": "41",
    "EsMXSpeechOceanF53": "42",
    "EsMXSpeechOceanM04": "43",
    "EsMXTeresa": "44",
    "FrCACaroline": "45",
    "FrCAHarmonie": "46",
    "FrCAClaude": "47",
    "FrCAGlobalMeF1": "48",
    "FrCAGlobalMeF3": "49",
    "FrCASDIMBouchard": "50",
    "FrCASpeechOceanF02": "51",
    "FrFRLaetitia": "52",
    "FrFRHortense": "53",
    "FrFRF02": "54",
    "FrFRGlobalMeF1": "55",
    "FrFRJulie": "56",
    "FrFRLionBridgeSample1": "57",
    "FrFRDenise": "58",
    "FrFRPaul": "59",
    "FrFRSpeechOceanF02": "60",
    "ItITMarta": "61",
    "ItITDonatella": "62",
    "ItITCosimo": "63",
    "ItITElsa": "64",
    "KoKRSuh": "65",
    "KoKRFemaleVoice3": "66",
    "KoKRLionbridgeActor01": "67",
    "KoKRLionbridgeActor03": "68",
    "KoKRMaleVoice3": "69",
    "KoKRHeami": "70",
    "KoKRSunHi": "71",
    "KoKRInJoon": "72",
    "EnAUAUTentative": "73",
    "EnAUFemaleVoice3": "74",
    "EnAUKayla": "75",
    "EnAUPhoebe": "76",
    "EnAUMaleVoice4": "77",
    "EnAUWilliam": "78",
    "JaJPAyumi": "79",
    "JaJPIchrio": "80",
    "JaJPKeiko": "81",
    "JaJPSayaka": "82",
    "JaJPJSUTOupt35": "83",
    "JaJPRinna": "84",
    "JaJPNanami": "85",
    "PtBRLionBridgeSample21": "86",
    "PtBRLionBridgeSample23": "87",
    "PtBRJuliana": "88",
    "PtBRMaria": "89",
    "PtBRSDICARVALH": "90",
    "PtBRAna": "91",
    "PtBRDaniel": "92",
    "EsESHelena": "93",
    "EsESAnuska": "94",
    "EsESLaura": "95",
    "EsESPablo": "96",
    "EsESAlvaro": "97",
    "EnUSHarrington": "98",
    "EnUSJessa": "99",
    "EnUSMichelle": "100",
    "EnUSBenjy": "101",
    "EnUSSamantha": "102",
    "EnUSDavid": "103",
    "EnUSCaroline": "104",
    "EnUSEva": "105",
    "EnUSGuy": "106",
    "EnUSBubbly": "107",
    "EnUSCarol": "108",
    "EnUSEvan": "109",
    "EnUSHenry": "110",
    "EnUSLaura": "111",
    "EnUSLisa": "112",
    "EnUSTom": "113",
    "EnUSZo": "114",
    "ZhCNLily": "115",
    "ZhCNWang": "116",
    "ZhCNM1": "117",
    "ZhCNM53": "118",
    "ZhCNZengtian": "119",
    "ZhCNZhang": "120",
    "ZhCNHJY": "121",
    "ZhCNHongyuMochi": "122",
    "ZhCNKangkang": "123",
    "ZhCNXiaowei": "124",
    "ZhCNXIVF102stylistic": "125",
    "ZhCNXIVF143": "126",
    "ZhCNYaoyao": "127",
    "EnCARichard": "128",
    "EnCAHeather": "129",
    "EnCALinda": "130",
    "RuRUEkaterina": "131",
    "RuRUIrina": "132",
    "RuRUPavel": "133",
    "FiFIHeidi": "134",
    "ThTHPattara": "135",
    "ThTHPremwadee": "136",
    "ZhHKDanny": "137",
    "ZhHKHunYee": "138",
    "ZhHKTracy": "139",
    "ZhHKHiuMaan": "140",
    "CaESJoana": "141",
    "CaESEnric": "142",
    "CaESHerena": "143",
    "DaDKHelle": "144",
    "DaDKChristel": "145",
    "ArEGHoda": "146",
    "ArEGMazen": "147",
    "ArEGShaKir": "148",
    "PtPTSofia": "149",
    "SvSEBengt": "150",
    "SvSEHedvig": "151",
    "SvSEKarin": "152",
    "SvSESofie": "153",
    "SvSEMattias": "154",
    "NbNOHulda": "155",
    "NbNOJon": "156",
    "NbNONina": "157",
    "NbNOPernille": "158",
    "NlNLFrank": "159",
    "NlNLHanna": "160",
    "NlNLMarijke": "161",
    "PlPLAdam": "163",
    "PlPLPaulina": "164",
    "PlPLKrzysztof": "165",
    "ZhTWHanHan": "166",
    "ZhTWYating": "167",
    "ZhTWZhiwei": "168",
    "ZhTWHsiaoChen": "169",
    "EnINHeera": "170",
    "EnINKoyal": "171",
    "EnINNeerja": "172",
    "EnINRavi": "173",
    "HiINKalpana": "174",
    "HiINHemant": "175",
    "ArSAMazen": "176",
    "ArSANaayf": "177",
    "ArSAHamed": "178",
    "IdIDAndika": "179",
    "TrTRSeda": "180",
    "TrTRTolga": "181",
    "TrTRAhmet": "182",
    "ViVNAn": "183",
    "ViVNHoaiMy": "184",
    "BgBGIvan": "185",
    "BgBGKalina": "186",
    "CsCZVit": "187",
    "CsCZVlasta": "188",
    "DeATIngrid": "189",
    "DeATBarbara": "190",
    "DeATMichael": "191",
    "DeCHVera": "192",
    "DeCHKarsten": "193",
    "ElGRStefanos": "194",
    "ElGRAthina": "195",
    "EnIEShaun": "196",
    "FrCHFemaleVoice3": "197",
    "FrCHMaleVoice4": "198",
    "HeILAsaf": "199",
    "HeILHila": "200",
    "HrHRMatej": "201",
    "HuHUSzabolcs": "202",
    "MsMYRizwan": "203",
    "RoROAndrei": "204",
    "RoROEmil": "205",
    "RoROAlina": "206",
    "SkSKFilip": "207",
    "SlSIPetra": "208",
    "SlSIMale": "209",
    "SlSIRok": "210",
    "TaINValluvar": "211",
    "TeINChitra": "212",
    "DeCHLeni": "213",
    "ElGRNestoras": "214",
    "FrCHAriane": "215",
    "HeILAvri": "216",
    "IdIDArdi": "217",
    "IdIDGadis": "218",
    "SkSKViktoria": "219",
    "CsCZAntonin": "220",
    "ItITIsabella": "221",
    "ItITDiego": "222",
    "NbNOFinn": "223",
    "JaJPKeita": "224",
    "EnUSF14": "225",
    "ZhCNCMHRecut": "226",
    "ZhCNXIVF102": "227",
    "ZhCNHuiHui": "228",
    "ZhCNLilyEnUS": "229",
    "EnUSDCSDIM05": "230",
    "ZhCNHongyu": "231",
    "EnUSDCSDIM04": "232",
    "EnUSDCSDIM03": "233",
    "ZhCNYaoyaoEnUS": "234",
    "ZhCNHlie": "235",
    "ZhCNF128": "236",
    "EnUSDCSDIM09": "237",
    "EnUSDCSDIM10": "238",
    "EnUSDCSDIM11": "239",
    "EnUSDCSDIM12": "240",
    "EnUSDCSDIM13": "241",
    "EnUSDCSDIM14": "242",
    "EnUSDCSDIM15": "243",
    "ZhCNDongLina": "244",
    "EnUSDCSDIM08": "245",
    "ZhCNF828": "246",
    "EnUSDCSDIM01": "247",
    "EnUSDCSDIF16": "248",
    "ZhCNTumotuo": "249",
    "ZhCNXiaomi": "250",
    "ZhCNXiaowan": "251",
    "ZhCNYinchao": "252",
    "ZhCNM903": "253",
    "ZhCNLiu": "254",
    "ZhCNAudioBookZhuang": "255",
    "ZhCNJing": "256",
    "ZhCNKongzining": "257",
    "ZhCNLiujinxiao": "258",
    "ZhCNShaozi": "259",
    "ZhCNTangziyuan": "260",
    "ZhCNWangjinghan": "261",
    "ZhCNWei": "262",
    "ZhCNXiaoxian": "263",
    "ZhCNChildstoryZhuang": "264",
    "ZhCNZuohaoze": "265",
    "ZhCN50Dutian": "266",
    "ZhCNfengqilongxi": "267",
    "ZhCNhaomentianqi": "268",
    "ZhCNhuangmoutianxia": "269",
    "ZhCNjiqing": "270",
    "ZhCNjinchaizhuangyuan": "271",
    "ZhCNsanguojimi": "272",
    "ZhCNsimugui": "273",
    "ZhCNtiaoxiangshi": "274",
    "ZhCNzeisanguo": "275",
    "EnUSDCSDIM06": "276",
    "EnUSDCSDIF15": "277",
    "EnUSDCSDIM07": "278",
    "ZhCNluozhenyu": "279",
    "ZhCNMixlingualJessa": "280",
    "ZhCNMixlingualEvan": "281",
    "FrCAJean": "282",
    "FrFRHenri": "283",
    "RuRUSvetlana": "284",
    "FiFISelma": "285",
    "FiFIHarri": "286",
    "ZhHKWanLung": "287",
    "DaDKJeppe": "288",
    "PtPTRaquel": "289",
    "PlPLMarek": "290",
    "ZhTWYunJhe": "291",
    "EnIEEmily": "292",
    "FrCHFabrice": "293",
    "HrHRGabrijela": "294",
    "HuHUNoemi": "295",
    "MsMYYasmin": "296",
    "SkSKLukas": "297",
    "EnUSDCBF07": "298",
    "EnUSDCBM01": "299",
    "EnUSDCBM06": "300",
    "EnUSDCBM09": "301",
    "EnUSDCF01": "302",
    "EnUSDCF03": "303",
    "EnUSDCF07": "304",
    "EnUSDCF12": "305",
    "EnUSDCF14": "306",
    "EnUSDCF15": "307",
    "EnUSDCF19": "308",
    "EnUSDCF22": "309",
    "EnUSDCF36": "310",
    "EnUSDCF39": "311",
    "EnUSDCF42": "312",
    "EnUSDCF44": "313",
    "EnUSDCF46": "314",
    "EnUSDCF69": "315",
    "EnUSDCGF12": "316",
    "EnUSDCGF20": "317",
    "EnUSDCGM24": "318",
    "EnUSDCGM27": "319",
    "EnUSDCGM29": "320",
    "EnUSDCGM3": "321",
    "EnUSDCGM6": "322",
    "EnUSDCM01": "323",
    "EnUSDCM03": "324",
    "EnUSDCM07": "325",
    "EnUSDCM13": "326",
    "EnUSDCM15": "327",
    "EnUSDCM16": "328",
    "EnUSDCM18": "329",
    "EnUSDCM20": "330",
    "EnUSDCM22": "331",
    "EnUSDCM25": "332",
    "EnUSDCM28": "333",
    "EnUSDCM30": "334",
    "EnUSDCM36": "335",
    "EnUSDCM41": "336",
    "EnUSDCM45": "337",
    "EnUSDCM46": "338",
    "EnUSDCM48": "339",
    "EnUSDCPF01": "340",
    "EnUSDCPF02": "341",
    "EnUSDCPF03": "342",
    "EnUSDCPM01": "343",
    "EnUSDCPM02": "344",
    "EnUSDCPM03": "345",
    "EnUSDCSDIF01": "346",
    "EnUSDCSDIF02": "347",
    "EnUSDCSDIF04": "348",
    "EnUSDCSDIF05": "349",
    "EnUSDCSDIF07": "350",
    "EnUSDCSDIF08": "351",
    "EnUSDCSDIF09": "352",
    "EnUSDCSDIF10": "353",
    "EnUSDCSDIF11": "354",
    "EnUSDCSDIF12": "355",
    "EnUSDCSDIF13": "356",
    "EnUSDCSDIF14": "357",
    "NlNLMaarten": "358",
    "ViVNNamMinh": "359",
    "PlPLAgnieszka": "360",
    "PtBRAntonio": "361",
    "RuRUDmitry": "362",
    "FrBEAnne": "363",
    "FrBEPierre": "364",
    "NlBEBart": "365",
    "NlBEKatrien": "366",
    "UkUAAndrij": "367",
    "UrPKGhalib": "368",
    "EnUSEmina": "369",
    "EnUSBrandy": "370",
    "EnUSRay": "371",
    "EnUSJeremy": "372",
    "EnUSM14": "373"
}