{
    "General": 0,
    "Narrator": 1,
    "Chat": 2,
    "Cheerful": 3,
    "CustomerService": 4,
    "Empathy": 5,
    "Newscast-casual": 6,
    "Newscast-formal": 7,
    "Sentiment": 8,
    "VoiceAssistant": 9,
    "Narrative": 10,
    "Angry": 11,
    "Calm": 12,
    "Complaining": 13,
    "Disdainful": 14,
    "Happy": 15,
    "Nervous": 16,
    "Sad": 17,
    "Scared": 18,
    "Shy": 19,
    "Strict": 20,
    "Surprised": 21,
    "narration-professional": 22,
    "entertainment": 23,
    "lifestyle-health": 24,
    "emphasis": 25,
    "Excited": 26,
    "Friendly": 27,
    "Panicked": 28,
    "Shouting": 29,
    "Unfriendly": 30,
    "Whisper": 31,
    "Hopeful": 32,
    "paragraph": 33
}