{
    "target_speaker": {
        "speaker_name": "Brandy",
        "f0_stats": "outputs/demo/preprocess_data/Brandy/final/raw_stat.csv"
    },
    "src_speaker": [
        {
            "style_name": "Angry",
            "speaker_name": "Emina",
            "f0_stats": "outputs/demo/preprocess_data/Emina/final/raw_stat.csv"
        },
        {
            "style_name": "Excited",
            "speaker_name": "Emina",
            "f0_stats": "outputs/demo/preprocess_data/Emina/final/raw_stat.csv"
        },
        {
            "style_name": "Hopeful",
            "speaker_name": "Emina",
            "f0_stats": "outputs/demo/preprocess_data/Emina/final/raw_stat.csv"
        },
        {
            "style_name": "Panicked",
            "speaker_name": "Emina",
            "f0_stats": "outputs/demo/preprocess_data/Emina/final/raw_stat.csv"
        }
    ]
}