{
  "speakers":[
    {
    "speaker": "ArSAHamed",
    "forcealign": "\\ttsdata\ttsdata\ar-SA\voices\Hamed\Alignment\ForcedAlignment.Phone.WithSR",
    "xmlscripts": "\\ttsdata\ttsdata\ar-SA\voices\Hamed\XmlScripts",
    "wave24knorm": "\\ttsdata\ttsdata\ar-SA\voices\Hamed\Speech\Wave24kNormalized"
     },
    {
    "speaker": "ArSAMazen",
    "forcealign": "\\ttsdata\ttsdata\ar-SA\voices\Mazen\Alignment\ForcedAlignment.Phone.NoSR",
    "xmlscripts": "\\ttsdata\ttsdata\ar-SA\voices\Mazen\XmlScripts",
    "wave24knorm": "\\ttsdata\ttsdata\ar-SA\voices\Mazen\Speech\Wave24k16bNormalized"
    },
    {
    "speaker": "ArSANaayf",
    "forcealign": "\\ttsdata\ttsdata\ar-SA\voices\Naayf\Alignment\ForcedAlignment.Phone.NoSR",
    "xmlscripts": "\\ttsdata\ttsdata\ar-SA\voices\Naayf\XmlScripts",
    "wave24knorm": "\\ttsdata\ttsdata\ar-SA\voices\Naayf\Speech\Wave24k16bNormalized"
    },
    {
    "speaker": "ArEGHoda",
    "forcealign": "\\ttsdata\Neural\ar-EG\Hoda\DevSet\ForcedAlignment.Phone.NoSR",
    "xmlscripts": "\\ttsdata\Neural\ar-EG\Hoda\DevSet\XmlScripts",
    "wave24knorm": "\\ttsdata\Neural\ar-EG\Hoda\DevSet\Wave24kNormalized",
    "keep_testset": "False"
     },
    {
    "speaker": "ArEGMazen",
    "forcealign": "\\ttsdata\Neural\ar-EG\Mazen\DevSet\Alignment",
    "xmlscripts": "\\ttsdata\Neural\ar-EG\Mazen\DevSet\XmlScripts",
    "wave24knorm": "\\ttsdata\Neural\ar-EG\Mazen\DevSet\Wave24kNormalized",
    "keep_testset": "False"
    },
    {
    "speaker": "ArEGShaKir",
    "forcealign": "\\ttsdata\ttsdata\ar-EG\Voices\ShaKir\Alignment\ForcedAlignment.Phone.NoSR",
    "xmlscripts": "\\ttsdata\ttsdata\ar-EG\Voices\ShaKir\XmlScripts",
    "wave24knorm": "\\ttsdata\ttsdata\ar-EG\Voices\ShaKir\Speech\Wave24kNormalized"
    }
   ]
}